company,street,latitude,longitude
BHIVE,Hosur Road,12.8924692,77.6423147
BHIVE,Koramangala,12.9404424,77.6217797
BHIVE,HSR Layout,12.9180295,77.624584
BHIVE,Whitefield,12.9915,77.703
BHIVE,Indiranagar,12.9792765,77.6431666
BHIVE,MG Road,12.9733413,77.61674
WeWork,Swamy Vivekananda Road,12.9960418,77.6692897
WeWork,Outer Ring Road,12.9627812,77.7014411
WeWork,Domlur,12.9532206,77.6432232
WeWork,Field Marshal,12.9735712,77.6087644
WeWork,Church Street,12.9746205,77.6071664
WeWork,Infantry Road,12.9808627,77.6032564
WeWork,Bannerghatta Road,12.8873364,77.596846
WeWork,Yelahanka,13.1150962,77.6057482
WeWork,Koramangala,12.9289898,77.6329994
WeWork,Bellandur,12.9310262,77.691147
Awfis,Shanthala Nagar,12.9716187,77.6059641
Awfis,Lavelle Road,12.9655913,77.5962532
91Springboard,Indiranagar,12.9432449,77.6211427
91Springboard,Field Marshal,12.9736443,77.6091567
91Springboard,Indiranagar,12.9814907,77.6457319
91Springboard,Bannerghatta Road,12.9035841,77.6011747
